Disease,Treatment1,Treatment2,Treatment3,Medication1,Medication2,Medication3
Drug Reaction,Discontinuation of the offending medication - The first step in treating a drug reaction is to stop taking the medication that is causing the reaction. This may be enough to resolve mild reactions.,"Symptomatic treatment - Depending on the type and severity of the drug reaction, symptomatic treatment may be needed to manage symptoms such as itching, rash, or fever. For example, antihistamines can help to relieve itching and redness, while fever reducers such as acetaminophen or ibuprofen can help to lower fever.","Medical intervention - In some cases, drug reactions can be severe and require medical intervention. For example, severe allergic reactions may require epinephrine, oxygen therapy, and/or hospitalization for close monitoring and management of symptoms.","Antihistamines - These medications can help to reduce itching, swelling, and redness that can occur with drug reactions. They work by blocking the effects of histamine, a chemical that is released during an allergic reaction.",Corticosteroids - These medications are often used to reduce inflammation and swelling caused by drug reactions. They work by suppressing the immune system and reducing the production of chemicals that cause inflammation.,"Epinephrine - This medication is used in severe cases of drug reactions, such as anaphylaxis. It works by opening up airways and increasing blood pressure, which can help to counteract the effects of an allergic reaction."
Malaria,"Artemisinin-based combination therapy (ACT): ACT is the recommended first-line treatment for uncomplicated malaria in many countries. It combines an artemisinin derivative with another antimalarial drug, such as lumefantrine or mefloquine. ACT is highly effective in clearing the malaria parasite from the bloodstream and preventing its recurrence.","Quinine: Quinine is an older antimalarial drug that is still used in some parts of the world, particularly for severe or complicated cases of malaria. It is often used in combination with antibiotics or other antimalarial drugs. Quinine can be given orally or intravenously.","Chloroquine: Chloroquine was once a widely used antimalarial drug, but its effectiveness has declined in many parts of the world due to widespread resistance. However, it is still effective in some regions where the malaria parasite is not resistant to it. Chloroquine is usually given orally.","Mefloquine: Mefloquine is an antimalarial drug that is often used as part of an ACT regimen. It is effective against multiple strains of the malaria parasite, including those that are resistant to other antimalarial drugs. Mefloquine is taken orally once a week."," Doxycycline: Doxycycline is an antibiotic that is sometimes used as a prophylactic medication to prevent malaria in travelers to areas with a high risk of infection. It can also be used as a treatment for mild to moderate cases of malaria, in combination with other antimalarial drugs. Doxycycline is taken orally.",Atovaquone-proguanil: Atovaquone-proguanil is a combination medication that is often used as a prophylactic medication to prevent malaria in travelers. It is also used as a treatment for uncomplicated malaria in some regions. Atovaquone-proguanil is taken orally.
Allergy,"Avoidance of allergens - The first step in treating allergies is to identify and avoid the allergens that trigger the allergic reaction. This may involve avoiding certain foods, staying indoors during high pollen counts, or using hypoallergenic bedding.","Antihistamines - These medications work by blocking the effects of histamine, a chemical that is released during an allergic reaction. They can help to relieve symptoms such as itching, sneezing, and runny nose.","Nasal corticosteroids - These medications are used to reduce inflammation and swelling in the nasal passages, which can help to relieve symptoms such as congestion, sneezing, and runny nose.","Decongestants - These medications are used to reduce nasal congestion caused by allergies. They work by narrowing blood vessels in the nasal passages, which can help to relieve stuffiness. Examples include pseudoephedrine and phenylephrine.","Leukotriene modifiers - These medications block the effects of leukotrienes, which are chemicals released during an allergic reaction that can cause inflammation and swelling. They can help to relieve symptoms such as wheezing and difficulty breathing. Examples include montelukast and zafirlukast.",Immunomodulators - These medications are used to modify the immune system's response to allergens. They can help to reduce inflammation and prevent the release of chemicals that cause allergic symptoms. Examples include omalizumab and dupilumab.
Hypothyroidism,"Lifestyle modifications - This can include eating a healthy diet, getting regular exercise, and managing stress. These lifestyle modifications can help to support thyroid function and improve overall health.","Nutritional supplements - Certain nutrients, such as iodine, selenium, and zinc, are important for thyroid function. Taking supplements of these nutrients may help to support thyroid function in people with hypothyroidism.","Thyroid hormone replacement therapy - In addition to medication, hormone replacement therapy may be needed in some cases. This involves replacing other hormones that may be affected by the hypothyroidism, such as cortisol or testosterone.",Levothyroxine - This is a synthetic form of the thyroid hormone T4 and is the most commonly prescribed medication for hypothyroidism. It helps to replace the missing thyroid hormone and restore normal hormone levels.,Liothyronine - This is a synthetic form of the thyroid hormone T3 and is sometimes used in combination with levothyroxine to provide more rapid relief of symptoms.,Natural thyroid hormone - This medication is derived from the thyroid gland of pigs and contains a combination of T4 and T3. It is sometimes used as an alternative to synthetic thyroid hormone medications.
Psoriasis,"Topical treatments - These are medications that are applied directly to the skin and are often the first line of treatment for mild to moderate psoriasis. Examples include corticosteroids, vitamin D analogues, and retinoids. These medications can help to reduce inflammation, itching, and scaling.","Phototherapy - This involves exposing the skin to specific wavelengths of light, such as ultraviolet (UV) light. Phototherapy can help to reduce inflammation and slow the growth of skin cells in people with psoriasis. Types of phototherapy include narrowband UVB, broad band UVB, and psoralen plus UVA (PUVA) therapy.","Systemic medications - These are medications that are taken orally or by injection and are used to treat moderate to severe psoriasis that has not responded to other treatments. Examples include methotrexate, cyclosporine, and biologics. These medications work by suppressing the immune system or targeting specific proteins involved in the immune response.","Topical corticosteroids - These are creams or ointments that contain corticosteroids, which help to reduce inflammation and itching. They are often used to treat mild to moderate psoriasis and are available in different strengths.",Calcipotriene - This is a topical medication that is a synthetic form of vitamin D3. It helps to slow down the growth of skin cells and reduce inflammation. It is often used in combination with topical corticosteroids.,"Methotrexate - This is an oral medication that suppresses the immune system and reduces inflammation. It is used to treat moderate to severe psoriasis that has not responded to other treatments. Methotrexate can have serious side effects, so it is important to be monitored closely by a healthcare provider while taking this medication."
GERD,"Lifestyle modifications - Certain lifestyle changes can help to reduce the symptoms of GERD. Examples include avoiding foods that trigger symptoms, eating smaller and more frequent meals, maintaining a healthy weight, and avoiding lying down for at least 3 hours after eating.","Medications - Several types of medications can be used to treat GERD. Examples include proton pump inhibitors (PPIs), H2 blockers, and antacids. PPIs and H2 blockers work by reducing the amount of acid produced in the stomach, while antacids neutralize stomach acid. These medications can help to reduce symptoms and promote healing of the esophagus.","Surgery - In some cases, surgery may be needed to treat GERD. The most common type of surgery is fundoplication, which involves wrapping the upper part of the stomach around the lower esophageal sphincter (LES) to strengthen it and prevent acid reflux. Surgery is typically reserved for people who do not respond to other treatments or who have complications of GERD, such as Barrett's esophagus.","Proton pump inhibitors (PPIs) - Examples include omeprazole, esomeprazole, lansoprazole, pantoprazole, and rabeprazole. PPIs work by reducing the amount of acid produced in the stomach, which can help to relieve symptoms of GERD and promote healing of the esophagus.","H2 blockers - Examples include ranitidine, famotidine, and cimetidine. H2 blockers work by blocking histamine, a chemical that stimulates acid production in the stomach. This can help to reduce symptoms of GERD and promote healing of the esophagus.","Antacids - Examples include calcium carbonate, magnesium hydroxide, and aluminum hydroxide. Antacids work by neutralizing stomach acid, which can provide quick relief of symptoms of GERD. However, they are typically not as effective for long-term treatment as PPIs or H2 blockers."
Chronic cholestasis,Ursodeoxycholic acid (UDCA) - This medication is a type of bile acid that can help to improve bile flow and reduce liver damage in people with chronic cholestasis. UDCA is often used as a first-line treatment for this condition.,"Vitamin supplementation - People with chronic cholestasis may have deficiencies in certain vitamins, such as vitamin A, D, E, and K. Vitamin supplementation can help to address these deficiencies and improve overall health.","Liver transplantation - In severe cases of chronic cholestasis, liver transplantation may be necessary. This involves surgically replacing the diseased liver with a healthy donor liver.","Cholestyramine - This medication is a bile acid sequestrant that works by binding to bile acids in the intestine and preventing their reabsorption into the bloodstream. This can help to improve bile flow and reduce itching, which is a common symptom of chronic cholestasis.",Rifampin - This medication is an antibiotic that can help to improve bile flow in people with chronic cholestasis. It works by reducing the amount of bacteria in the intestine that can interfere with bile acid metabolism.,"Immunosuppressive medications - In cases of chronic cholestasis caused by autoimmune diseases, such as primary biliary cholangitis, immunosuppressive medications may be used to reduce inflammation and prevent further liver damage."
hepatitis A,"Rest and hydration - One of the most important treatments for hepatitis A is rest, as well as staying well-hydrated. This can help to relieve symptoms and support the body's natural healing process.","Avoiding alcohol and certain medications - People with hepatitis A should avoid alcohol and certain medications, as these can be harmful to the liver and slow down the healing process.","Monitoring liver function - In some cases, healthcare providers may monitor liver function with blood tests to ensure that the liver is healing properly.",Immune globulin - This medication contains antibodies that can help to fight off the hepatitis A virus. It may be given to people who have been exposed to the virus or who are at high risk of infection.,"Anti-nausea medications - People with hepatitis A may experience nausea and vomiting, which can be relieved with anti-nausea medications such as ondansetron or promethazine.","Pain relievers - People with hepatitis A may experience mild to moderate pain, which can be relieved with over-the-counter pain relievers such as acetaminophen. However, it's important to avoid certain pain relievers, such as ibuprofen and aspirin, as these can be harmful to the liver."
Osteoarthristis,"Exercise - Regular exercise can help to reduce pain and stiffness, as well as improve joint flexibility and overall physical function. Low-impact exercises such as walking, cycling, and swimming are often recommended for people with osteoarthritis.",Weight management - Maintaining a healthy weight can help to reduce stress on the joints and slow down the progression of osteoarthritis.,"Physical therapy - Physical therapy may be recommended to help improve joint function, reduce pain and stiffness, and prevent further damage to the joints.","Nonsteroidal anti-inflammatory drugs (NSAIDs) - These medications, such as ibuprofen and naproxen, can help to reduce pain and inflammation in the joints.",Acetaminophen - This medication is a pain reliever that can be used to manage mild to moderate osteoarthritis pain. It is often used as an alternative to NSAIDs for people who cannot take these medications.,Corticosteroid injections - Injections of corticosteroids directly into the affected joint can help to reduce inflammation and relieve pain in people with osteoarthritis.
(vertigo) Paroymsal  Positional Vertigo,"Canalith repositioning maneuvers - These are a series of specific head and body movements that can help to reposition displaced calcium crystals in the inner ear, which are often the cause of PPV.",Vestibular rehabilitation exercises - These are exercises that are designed to improve balance and reduce symptoms of vertigo by training the brain to compensate for the inner ear problems that cause PPV.,"Medications - Certain medications may be used to manage the symptoms of PPV, such as nausea and dizziness. These may include anti-nausea medications, such as meclizine, and sedatives, such as diazepam.",Betahistine - This medication can help to improve blood flow to the inner ear and reduce vertigo symptoms.,Calcium channel blockers - These medications may be used to manage the symptoms of vertigo by reducing the amount of calcium in the inner ear.,"Anti-anxiety medications - These medications, such as lorazepam, can help to reduce anxiety and improve symptoms of vertigo."
Hypoglycemia,"Diet - Eating small, frequent meals that are low in sugar and high in protein and fiber can help to regulate blood sugar levels and prevent hypoglycemia.",Exercise - Regular physical activity can help to improve insulin sensitivity and reduce the risk of hypoglycemia.,Medic alert bracelet - Wearing a medic alert bracelet can help to ensure that medical personnel are aware of the individual's condition in case of an emergency.,Glucagon - This medication can be used to quickly raise blood sugar levels in the event of a severe hypoglycemic episode.,Dextrose - Dextrose is a form of glucose that can be given intravenously to quickly raise blood sugar levels.,Acarbose - This medication is used to treat diabetes and can help to regulate blood sugar levels by slowing down the absorption of carbohydrates.
Acne,Topical retinoids - These medications are derived from vitamin A and can help to unclog pores and reduce inflammation associated with acne.,Benzoyl peroxide - This medication works by killing the bacteria that cause acne and reducing inflammation.,Salicylic acid - This medication can help to unclog pores and prevent the formation of new acne lesions.,"Oral antibiotics - These medications, such as doxycycline or tetracycline, are used to reduce inflammation and kill the bacteria that cause acne.",Oral contraceptives - Certain types of birth control pills can help to regulate hormones that contribute to acne in women.,Isotretinoin - This medication is a powerful retinoid that is used to treat severe acne that has not responded to other treatments. It works by reducing the production of oil in the skin.
Diabetes,"Lifestyle changes - Adopting a healthy diet, regular exercise routine, and stress management techniques can help to regulate blood sugar levels and improve overall health.",Blood sugar monitoring - Regular monitoring of blood sugar levels can help to identify patterns and make adjustments to treatment plans as needed.,"Insulin therapy - For individuals with type 1 diabetes or advanced type 2 diabetes, insulin therapy may be required to regulate blood sugar levels.",Metformin - This medication is commonly used to treat type 2 diabetes by reducing the amount of glucose produced by the liver and improving insulin sensitivity.,"Sulfonylureas - These medications, such as glipizide and glyburide, work by stimulating the pancreas to produce more insulin.","DPP-4 inhibitors - These medications, such as sitagliptin and saxagliptin, work by increasing the levels of a hormone called incretin, which stimulates insulin production and lowers blood sugar levels."
Impetigo,Topical antibiotics - These medications are applied directly to the affected area and can help to kill the bacteria causing impetigo. Examples include mupirocin and retapamulin.,"Oral antibiotics - If the infection is severe or widespread, oral antibiotics such as penicillin or erythromycin may be prescribed.",Cleaning and hygiene - Keeping the affected area clean and dry can help to prevent the spread of impetigo and promote healing.,Hydrocortisone cream - This medication is a topical steroid that can help to reduce inflammation and itching associated with impetigo.,Bacitracin - This antibiotic ointment can be applied to the affected area to help prevent secondary bacterial infections.,Iodine - Iodine solutions can be used to clean the affected area and prevent further spread of the infection.
Hypertension,"Lifestyle changes - Adopting a healthy diet that is low in sodium and high in fruits, vegetables, and whole grains, maintaining a healthy weight, engaging in regular physical activity, quitting smoking, and managing stress can help to lower blood pressure and improve overall health.",Medication adherence - Taking medications as prescribed by a healthcare provider can help to manage hypertension and prevent complications.,Monitoring blood pressure - Regular monitoring of blood pressure can help to identify patterns and make adjustments to treatment plans as needed.,"ACE inhibitors - These medications, such as lisinopril and enalapril, work by relaxing blood vessels, reducing the amount of water and salt in the body, and improving blood flow."," Calcium channel blockers - These medications, such as amlodipine and nifedipine, work by relaxing the muscles of blood vessels and reducing the workload of the heart.","Diuretics - These medications, such as hydrochlorothiazide and furosemide, work by increasing the production of urine and reducing the amount of salt and fluid in the body."
Peptic ulcer diseae,"Medications - A variety of medications can be used to treat peptic ulcer disease, including antibiotics to eradicate H. pylori bacteria, acid reducers such as proton pump inhibitors and histamine blockers to reduce stomach acid production, and cytoprotective agents to help protect the stomach lining.","Lifestyle changes - Making certain lifestyle changes can help to improve the symptoms of peptic ulcer disease, such as avoiding foods that may irritate the stomach lining, quitting smoking, reducing stress, and getting enough sleep.","Endoscopic therapy - In some cases, endoscopic therapy may be recommended to treat peptic ulcer disease. This involves the use of an endoscope (a flexible tube with a camera) to examine the inside of the digestive tract and to perform certain procedures, such as injecting medication directly into the ulcer.","Proton pump inhibitors - These medications, such as omeprazole and lansoprazole, work by blocking the production of stomach acid, which can help to promote healing of the ulcer.","H2 blockers - These medications, such as famotidine and ranitidine, work by reducing the amount of acid produced by the stomach, which can help to reduce the pain associated with peptic ulcers.","Antibiotics - If the peptic ulcer is caused by an H. pylori infection, antibiotics such as amoxicillin, clarithromycin, and metronidazole may be prescribed to help eradicate the bacteria."
Dimorphic hemorrhoids(piles),"Sitz baths - A sitz bath involves sitting in a warm bath for 10-15 minutes at a time, which can help to relieve the pain and discomfort associated with hemorrhoids.","Topical treatments - There are a variety of over-the-counter topical treatments available for hemorrhoids, such as creams and ointments that contain hydrocortisone or witch hazel, which can help to reduce swelling and inflammation.","Minimally invasive procedures - In some cases, minimally invasive procedures such as rubber band ligation or sclerotherapy may be recommended to treat dimorphic hemorrhoids. These procedures involve cutting off the blood supply to the hemorrhoids, which can cause them to shrink and eventually fall off.",Pain relievers - Over-the-counter pain relievers such as acetaminophen or ibuprofen can help to relieve the pain associated with hemorrhoids.,"Stool softeners - Stool softeners such as docusate sodium can help to prevent constipation and straining during bowel movements, which can aggravate hemorrhoids.",Topical anesthetics - Topical anesthetics such as lidocaine can be applied directly to the hemorrhoids to provide temporary pain relief.
Common Cold,Rest - Getting plenty of rest can help to support the immune system and reduce fatigue associated with the common cold.,"Hydration - Drinking plenty of fluids such as water, tea, or soup can help to keep the body hydrated and thin out mucus.",Humidifiers - Using a humidifier or steamy shower can help to alleviate congestion by increasing the moisture in the air.,Pain relievers - Over-the-counter pain relievers such as acetaminophen or ibuprofen can help to relieve the pain and discomfort associated with the common cold.,Decongestants - Decongestants such as pseudoephedrine or phenylephrine can help to reduce nasal congestion by constricting blood vessels in the nasal passages.,"Antihistamines - Antihistamines such as diphenhydramine or loratadine can help to relieve symptoms such as sneezing, runny nose, and itchy eyes."
Chicken pox,Cool baths - Soaking in cool water can help to relieve the itching and discomfort associated with chickenpox blisters.,Calamine lotion - Applying calamine lotion to the affected areas can help to soothe the skin and relieve itching.,Rest - Getting plenty of rest can help to support the immune system and reduce fatigue associated with chickenpox.,Antihistamines - Antihistamines such as diphenhydramine or cetirizine can help to relieve symptoms such as itching and rash.,Acyclovir - Acyclovir is an antiviral medication that can help to speed up the healing process and reduce the severity of chickenpox symptoms.,Pain relievers - Over-the-counter pain relievers such as acetaminophen or ibuprofen can help to relieve the pain and discomfort associated with chickenpox blisters.
Cervical spondylosis,"Physical therapy - Physical therapy can help to strengthen the muscles in the neck and improve flexibility, reducing pain and stiffness.",Posture correction - Improving posture can help to relieve pressure on the neck and reduce pain.,Heat or cold therapy - Applying heat or cold therapy to the affected area can help to reduce pain and stiffness.,Nonsteroidal anti-inflammatory drugs (NSAIDs) - Over-the-counter NSAIDs such as ibuprofen or naproxen can help to relieve pain and inflammation.,Muscle relaxants - Muscle relaxants such as cyclobenzaprine or methocarbamol can help to reduce muscle spasms and stiffness.,Corticosteroids - Corticosteroids such as prednisone can be prescribed for short-term use to reduce inflammation and pain.
Hyperthyroidism,"Radioactive iodine therapy - This treatment involves taking radioactive iodine orally, which gets absorbed by the thyroid gland and destroys the overactive cells. This can help to reduce the production of thyroid hormones.",Anti-thyroid medications - These medications such as methimazole or propylthiouracil help to reduce the production of thyroid hormones by the thyroid gland.,"Beta blockers - These medications such as propranolol or atenolol can help to reduce symptoms such as rapid heart rate, tremors, and anxiety.",Methimazole - This medication can help to reduce the production of thyroid hormones by the thyroid gland.,Propylthiouracil - This medication can also help to reduce the production of thyroid hormones by the thyroid gland.,Radioactive iodine - This medication is used in a higher dose than the therapy to destroy the thyroid gland in some cases.
Urinary tract infection,"Antibiotics - Antibiotics such as amoxicillin, trimethoprim-sulfamethoxazole, and nitrofurantoin are commonly used to treat UTIs.",Increased fluid intake - Drinking plenty of fluids can help to flush out the bacteria causing the infection.,Pain relievers - Over-the-counter pain relievers such as ibuprofen or acetaminophen can help to relieve pain and discomfort associated with UTIs.,Nitrofurantoin - This antibiotic is commonly used to treat UTIs and is often prescribed for longer courses of treatment.,Trimethoprim-sulfamethoxazole - This antibiotic is commonly used to treat UTIs and is often prescribed for shorter courses of treatment.,"Ceftriaxone - This antibiotic is a strong, injectable antibiotic that may be used in severe cases of UTIs."
Varicose veins,"Compression stockings - These are special stockings that provide graduated compression, which can help to improve circulation and reduce the appearance of varicose veins.","Sclerotherapy - This treatment involves injecting a solution directly into the affected veins, which causes them to collapse and gradually disappear.",Endovenous laser therapy - This is a minimally invasive procedure that involves using laser energy to close off the affected veins.,Nonsteroidal anti-inflammatory drugs (NSAIDs) - These medications such as ibuprofen or naproxen can help to relieve pain and swelling associated with varicose veins.,Topical creams - These creams such as heparin or glycerin can help to reduce the appearance of varicose veins and improve circulation.,Anticoagulants - These medications such as warfarin or heparin are sometimes used in individuals with severe varicose veins that are at risk of blood clots.
AIDS,Antiretroviral therapy (ART) - This treatment involves taking a combination of medications that work together to slow the progression of HIV and prevent it from replicating in the body. ART can help to reduce the risk of complications associated with AIDS and improve immune function.,Pre-exposure prophylaxis (PrEP) - This medication is used to prevent HIV infection in individuals who are at high risk of contracting the virus. PrEP is a daily medication that works by preventing the virus from replicating in the body.,"Post-exposure prophylaxis (PEP) - This medication is used in individuals who have been exposed to HIV, either through sexual contact or needle sharing. PEP is a combination of medications that work to prevent the virus from establishing itself in the body.","Protease inhibitors (PIs) - This class of medication works by preventing the virus from replicating in the body. PIs are often used in combination with other medications, such as ART, to manage HIV.","Non-nucleoside reverse transcriptase inhibitors (NNRTIs) - This class of medication works by blocking the reverse transcriptase enzyme, which is necessary for the virus to replicate. NNRTIs are often used in combination with other medications, such as ART, to manage HIV.","Nucleoside/nucleotide reverse transcriptase inhibitors (NRTIs) - This class of medication works by blocking the reverse transcriptase enzyme, which is necessary for the virus to replicate. NRTIs are often used in combination with other medications, such as ART, to manage HIV."
Paralysis (brain hemorrhage),"Rehabilitation therapy: This includes physical therapy, occupational therapy, and speech therapy, which can help individuals with paralysis caused by a brain hemorrhage regain function and independence. Rehabilitation therapy may include exercises and activities to improve strength, mobility, and coordination.","Surgery: In some cases, surgery may be necessary to remove the hemorrhage or relieve pressure on the brain. Surgery can help to prevent further damage to the brain and improve outcomes for individuals with paralysis caused by a brain hemorrhage.","Medications: Medications can be used to manage symptoms associated with paralysis caused by a brain hemorrhage, such as pain and spasticity. Rehabilitation therapy can also be helpful in regaining function and independence.",Anticoagulants: These medications can be used to prevent blood clots from forming and reduce the risk of another hemorrhage.,"Anticonvulsants: These medications can be used to prevent seizures, which can be a complication of a brain hemorrhage.","Corticosteroids: These medications can be used to reduce inflammation and swelling in the brain, which can help to improve outcomes for individuals with paralysis caused by a brain hemorrhage."
Typhoid,"Antibiotics: The primary treatment for typhoid fever is antibiotics, which can kill the Salmonella typhi bacteria. Commonly prescribed antibiotics include ciprofloxacin, azithromycin, and ceftriaxone.","Fluid replacement: People with typhoid fever can become dehydrated due to fever, sweating, and vomiting. It's important to replenish fluids and electrolytes lost during the illness. In some cases, hospitalization may be necessary to receive intravenous (IV) fluids.","Nutritional support: A well-balanced diet with adequate protein and calories is important to support the body's immune system during and after typhoid fever. Foods that are easy to digest, such as soups, broths, and cooked fruits and vegetables, may be recommended.","Antibiotics: Antibiotics are the primary medications used to treat typhoid fever. They can be administered orally or through injection, depending on the severity of the illness.",Fever reducers: Over-the-counter medications such as acetaminophen and ibuprofen can help to reduce fever and relieve pain associated with typhoid fever.,Probiotics: Probiotics may be recommended to help restore the balance of healthy bacteria in the gut and improve digestive health following typhoid fever. Common probiotics include lactobacillus and bifidobacterium.
Hepatitis B,Antiviral medications: Antiviral medications can help to reduce the amount of the hepatitis B virus in the body and slow down its replication. Commonly prescribed antiviral medications include tenofovir and entecavir.,Interferon therapy: Interferon therapy is an injectable medication that helps the immune system fight the hepatitis B virus. It may be recommended for people with chronic hepatitis B who do not respond to antiviral medications.,"Liver transplant: In rare cases, severe liver damage caused by hepatitis B may require a liver transplant.","Antiviral medications: Antiviral medications, such as tenofovir and entecavir, are the primary medications used to manage hepatitis B. These medications can be taken orally and work by suppressing the virus and preventing liver damage.","Immunomodulatory medications: Immunomodulatory medications, such as interferon, can help to boost the immune system and fight the hepatitis B virus. These medications are typically administered by injection.","Medications for symptom relief: Over-the-counter medications, such as acetaminophen, can help to relieve symptoms of hepatitis B, such as fever and joint pain. However, it's important to talk to your healthcare provider before taking any medications, as some may be harmful to the liver."
Fungal infection,"Antifungal medications: Antifungal medications can be prescribed as topical creams or ointments, oral tablets or capsules, or intravenous (IV) injections. Commonly prescribed antifungal medications include clotrimazole, fluconazole, terbinafine, and itraconazole.","Topical ointments: Topical ointments, such as miconazole, ketoconazole, and econazole, are used to treat skin and nail fungal infections.",Laser therapy: Laser therapy is a newer treatment option that uses focused light energy to destroy fungal cells. This treatment is typically reserved for cases that do not respond to traditional therapies.,"Topical antifungal medications: Topical antifungal medications, such as clotrimazole and terbinafine, are available over the counter and can be used to treat mild fungal infections. These medications work by killing the fungi on the skin.","Oral antifungal medications: Oral antifungal medications, such as fluconazole and itraconazole, are prescribed for more severe fungal infections that cannot be treated with topical medications. These medications work by targeting the fungi in the bloodstream and can take several weeks to be effective.","Combination therapies: In some cases, a combination of topical and oral antifungal medications may be prescribed to treat fungal infections."
Hepatitis C,"Antiviral medications: Antiviral medications are the primary treatment for hepatitis C. Direct-acting antivirals (DAAs) are the most commonly prescribed medications, and they work by targeting the virus to prevent it from replicating. The specific medication prescribed will depend on the genotype of the virus and the severity of the infection.",Interferon injections: Interferon injections may be prescribed in combination with antiviral medications for certain types of hepatitis C infections. Interferon works by boosting the immune system to help fight off the virus.,"Liver transplant: In cases where hepatitis C has led to severe liver damage, a liver transplant may be necessary.","Direct-acting antivirals (DAAs): DAAs are a class of antiviral medications that specifically target the hepatitis C virus. Commonly prescribed DAAs include sofosbuvir, ledipasvir, and ribavirin.","Interferon injections: Interferon injections, such as peginterferon alfa-2a and peginterferon alfa-2b, may be prescribed in combination with DAAs for certain types of hepatitis C infections.",Ribavirin: Ribavirin is an oral antiviral medication that may be prescribed in combination with DAAs for certain types of hepatitis C infections.
Migraine,"Lifestyle changes: Certain lifestyle changes may help reduce the frequency and severity of migraines. This includes getting regular exercise, maintaining a healthy diet, avoiding triggers (such as certain foods or stress), and getting enough sleep.","Acute treatments: Acute treatments are medications taken during a migraine attack to alleviate symptoms. These include triptans, which help constrict blood vessels and reduce inflammation, and nonsteroidal anti-inflammatory drugs (NSAIDs), such as ibuprofen and naproxen.","Preventive treatments: Preventive treatments are medications taken regularly to reduce the frequency and severity of migraines. These include beta blockers, antidepressants, and anticonvulsants.","Triptans: Triptans are a class of medications that specifically target migraines. They work by constricting blood vessels and reducing inflammation in the brain. Commonly prescribed triptans include sumatriptan, rizatriptan, and zolmitriptan.",Nonsteroidal anti-inflammatory drugs (NSAIDs): NSAIDs are over-the-counter pain relievers that can help reduce the pain and inflammation associated with migraines. Commonly used NSAIDs include ibuprofen and naproxen.,"Beta blockers: Beta blockers are medications that can help prevent migraines by reducing blood pressure and heart rate. They include propranolol, timolol, and metoprolol."
Bronchial Asthma,"Inhaled bronchodilators: Inhaled bronchodilators are medications that help relax the muscles in the airways, making it easier to breathe. They include short-acting beta-agonists (SABAs) such as albuterol, and long-acting beta-agonists (LABAs) such as salmeterol.","Inhaled corticosteroids: Inhaled corticosteroids are medications that reduce inflammation in the airways, making them less likely to become narrowed and blocked. Commonly used inhaled corticosteroids include fluticasone, budesonide, and mometasone.","Immunomodulators: Immunomodulators are medications that help regulate the immune system, which can be overactive in people with asthma. Examples include omalizumab and mepolizumab.","Short-acting beta-agonists (SABAs): SABAs, such as albuterol, are medications that help relieve symptoms of asthma by relaxing the muscles in the airways. They are typically used as rescue medication for quick relief of symptoms.","Long-acting beta-agonists (LABAs): LABAs, such as salmeterol, are medications that help prevent asthma symptoms by relaxing the muscles in the airways. They are used as maintenance medication in combination with inhaled corticosteroids.","Leukotriene modifiers: Leukotriene modifiers are medications that help reduce inflammation in the airways by blocking the action of leukotrienes, which are chemicals that can cause inflammation. Examples include montelukast and zafirlukast."
Alcoholic hepatitis,Abstinence: The most important and effective treatment for alcoholic hepatitis is to stop drinking alcohol completely. This can help to slow down or even reverse the damage that has been done to the liver.,"Medications: There are several medications that can be used to treat alcoholic hepatitis. These include corticosteroids, pentoxifylline, and N-acetylcysteine (NAC). Corticosteroids can help to reduce inflammation in the liver, while pentoxifylline and NAC can help to improve liver function.","Nutritional support: People with alcoholic hepatitis often have poor nutrition, which can worsen their condition. Nutritional support, including a well-balanced diet and supplements, can help to improve liver function and overall health.",Corticosteroids: Prednisone and prednisolone are examples of corticosteroids that can be used to reduce inflammation in the liver and improve liver function.,"Pentoxifylline: This medication can be used to reduce inflammation and improve blood flow in the liver, which can help to improve liver function.",N-acetylcysteine (NAC): NAC is an antioxidant that can help to reduce inflammation in the liver and improve liver function.
Jaundice,"Phototherapy: This treatment involves exposing the skin to specific wavelengths of light to help break down bilirubin, a yellow pigment that causes jaundice.","Intravenous fluids: If dehydration is contributing to the jaundice, intravenous fluids may be given to help rehydrate the body.","Surgery: If the jaundice is caused by a blockage in the bile ducts, surgery may be needed to remove the blockage.","Antiviral medications: If the jaundice is caused by hepatitis B or C, antiviral medications may be prescribed to help fight the viral infection and reduce inflammation in the liver.","Corticosteroids: If the jaundice is caused by autoimmune hepatitis, corticosteroids may be prescribed to reduce inflammation and improve liver function.","Ursodeoxycholic acid (UDCA): This medication can be used to improve bile flow and reduce the buildup of bilirubin in the liver, which can help to improve liver function and reduce jaundice."
Hepatitis E,"Rest and hydration: It is important to get plenty of rest and stay well hydrated, particularly during the acute phase of the illness when symptoms are most severe.","Medications to manage symptoms: Over-the-counter pain relievers like acetaminophen can be used to manage fever and joint pain, while antiemetic medications can help to reduce nausea and vomiting.",Liver function monitoring: Blood tests can be used to monitor liver function and determine if the virus has caused any damage to the liver.,Ribavirin: This antiviral medication may be used to treat severe or chronic hepatitis E in people with weakened immune systems.,"Pegylated interferon: This medication can help to boost the immune system and reduce the amount of virus in the body, and may be used to treat chronic hepatitis E.","Corticosteroids: In rare cases, corticosteroids may be used to reduce inflammation in the liver, particularly in people with severe acute hepatitis E."
Dengue,"Stay hydrated: The most important thing for someone with Dengue is to stay hydrated. Drink plenty of fluids, such as water, coconut water, and electrolyte-enriched drinks to prevent dehydration.",Rest: Get plenty of rest and avoid overexerting yourself. This will help your body fight the infection.,"Pain relievers: Acetaminophen (Tylenol) can help relieve pain and reduce fever. However, avoid taking aspirin or ibuprofen, as these can increase the risk of bleeding.","Antipyretics: These are medications that help reduce fever, such as acetaminophen (Tylenol) or ibuprofen. However, ibuprofen should be avoided if you are at risk of bleeding.","Pain relievers: Over-the-counter pain relievers such as acetaminophen (Tylenol) can help relieve headache, joint pain, and muscle aches.","Intravenous fluids: In severe cases of Dengue, hospitalization may be required. Treatment may include intravenous fluids, such as saline or electrolyte-enriched fluids, to replace lost fluids and electrolytes. Additionally, intravenous fluids can help maintain blood pressure and prevent shock."
Hepatitis D,Interferon alpha: Interferon alpha is a type of medication that is used to boost the immune system and fight viral infections. It is often used to treat hepatitis D in combination with other antiviral drugs.,"Antiviral medications: Antiviral medications like lamivudine, adefovir, and tenofovir are often used to treat chronic hepatitis B infections. These medications can also be effective in treating hepatitis D in individuals who are co-infected with both viruses.","Liver transplant: In severe cases of hepatitis D where the liver is severely damaged, a liver transplant may be necessary. During a liver transplant, a healthy liver is transplanted into the patient's body to replace the damaged liver.","Pain relievers: Pain relievers such as acetaminophen (Tylenol) or ibuprofen (Advil) may be prescribed to manage the fever, headache, and muscle aches associated with hepatitis D.",Anti-nausea medication: Anti-nausea medication such as ondansetron (Zofran) may be prescribed to manage nausea and vomiting associated with hepatitis D.,"Corticosteroids: In some cases, corticosteroids may be prescribed to manage the inflammation associated with hepatitis D. However, the use of corticosteroids is controversial and should only be used under the guidance of a healthcare professional."
Heart attack,"Aspirin: Aspirin is a medication that helps to prevent blood clots from forming, which can further block the arteries during a heart attack. It is often given as soon as possible after a heart attack to improve blood flow to the heart.",Oxygen therapy: Oxygen therapy is commonly used in the initial treatment of a heart attack to increase the amount of oxygen in the blood and reduce the workload on the heart.,Angioplasty: Angioplasty is a procedure in which a small balloon is inserted into the blocked artery and inflated to open up the artery and improve blood flow. This procedure is often performed in conjunction with the placement of a stent to keep the artery open.,"Thrombolytic medications: Thrombolytic medications, also known as clot-busting drugs, are used to dissolve blood clots that are blocking the arteries in the heart during a heart attack.",Beta-blockers: Beta-blockers help to slow down the heart rate and decrease the workload on the heart. They are often prescribed after a heart attack to help prevent future heart attacks.,"ACE inhibitors: ACE inhibitors help to relax the blood vessels and reduce blood pressure, which can help to improve blood flow to the heart. They are often prescribed after a heart attack to help prevent heart failure."
Pneumonia,"Antibiotics: Antibiotics are usually prescribed to treat bacterial pneumonia. The choice of antibiotics depends on the severity of the infection, age, and other health conditions of the patient.",Oxygen therapy: Oxygen therapy may be needed if the patient has trouble breathing or low oxygen levels.,Fluids: Drinking plenty of fluids is essential to prevent dehydration and help loosen mucus in the lungs.,Bronchodilators: Bronchodilators are used to widen the airways in the lungs and help the patient breathe more easily.,Antivirals: Antivirals may be used to treat pneumonia caused by viruses such as influenza.,Antifungals: Antifungal medications are prescribed for pneumonia caused by fungi.
Arthritis,Physical therapy: Specific exercises and stretches can help strengthen the muscles around the affected joints and improve mobility.,"Medications: Nonsteroidal anti-inflammatory drugs (NSAIDs) such as ibuprofen, aspirin, and naproxen can help relieve pain and reduce inflammation. In some cases, disease-modifying antirheumatic drugs (DMARDs) such as methotrexate or biologic medications may be prescribed.","Lifestyle changes: Weight loss and a healthy diet can help reduce the strain on joints, while rest and relaxation can help manage stress levels and improve overall well-being.","Nonsteroidal anti-inflammatory drugs (NSAIDs): These medications, such as ibuprofen and naproxen, can help relieve pain and inflammation in the joints.","Disease-modifying antirheumatic drugs (DMARDs): These medications, such as methotrexate and sulfasalazine, work by slowing down the progression of the disease and reducing joint damage.","Biologic response modifiers: These medications, such as etanercept and adalimumab, target specific components of the immune system to reduce inflammation and joint damage."
Gastroenteritis,Rehydration therapy: This involves replacing lost fluids and electrolytes to prevent dehydration. It can be done through oral rehydration therapy (ORT) or intravenous fluids (IVF) for severe cases.,Antiemetics: These are drugs that help control nausea and vomiting. They may be given orally or intravenously depending on the severity of symptoms.,"Antibiotics: In certain cases, gastroenteritis may be caused by a bacterial infection. Antibiotics may be prescribed to treat the underlying infection.",Oral rehydration solutions (ORS): These are a combination of electrolytes and glucose that help replace fluids lost due to vomiting and diarrhea.,"Antiemetics: Examples of commonly used antiemetics include ondansetron, metoclopramide, and prochlorperazine.","Antibiotics: Antibiotics such as ciprofloxacin, azithromycin, and doxycycline may be prescribed if the gastroenteritis is caused by a bacterial infection. However, antibiotics are not always necessary and may not be effective in all cases, as some forms of gastroenteritis are caused by viral infections."
Tuberculosis,"Directly observed therapy (DOT): DOT is a treatment strategy in which a healthcare worker or other designated person directly observes the patient taking their medication. This helps to ensure that the patient takes their medication consistently and correctly, which is important for the success of treatment.","Surgery: In rare cases, surgery may be necessary to treat tuberculosis. This may be necessary if the infection has caused significant damage to the lungs or other organs, or if the infection is not responding to antibiotic treatment. The type of surgery will depend on the individual case, but may involve removing a portion of the lung or draining an abscess.","Antibiotics: The most common treatment for tuberculosis involves a combination of antibiotics, usually taken over a period of 6 to 9 months. The antibiotics used to treat tuberculosis include isoniazid, rifampin, ethambutol, and pyrazinamide. The exact combination and duration of treatment will depend on the individual case.",Isoniazid (INH): This medication is often used as a first-line treatment for tuberculosis. It works by inhibiting the growth of the bacteria that cause TB.,Rifampin: This medication is also commonly used as a first-line treatment for TB. It works by preventing the bacteria from multiplying.,Ethambutol: This medication is often used in combination with INH and rifampin to treat TB. It works by inhibiting the growth of the bacteria.
